[
    {
        "slug": "connect_with_community",
        "title": "Connect with Community",
        "description":
            "Self-paced guides, courses, events, and resources, plus channels to connect with fellow marketers.",
        "linkText": "Explore the Community",
        "image": "/blog/blog_1.jpeg"
    },
    {
        "slug": "watch_timeless_tails_foundations",
        "title": "Watch Timeless Tails (TLT) Foundations",
        "description":
            "The foundational knowledge and skills to leverage Timeless Tails (TLT) for any type of marketing project.",
        "linkText": "Start watching",
        "image": "/blog/blog_2.jpeg"
    },
    {
        "slug": "search_knowledge_center",
        "title": "Search Knowledge Center",
        "description":
            "Learn how to use generative AI for your specific marketing role and use case.",
        "linkText": "Search Knowledge Center",
        "image": "/blog/blog_3.jpeg"
    },
    {
        "slug": "customer_stories",
        "title": "Customer Stories",
        "description":
            "How businesses like yours are leveraging Timeless Tails (TLT) to drive growth and success.",
        "linkText": "Explore Customer Stories",
        "image": "/blog/blog_4.png"
    },
    {
        "slug": "get_support",
        "title": "Get Support",
        "description":
            "Get in touch about your account, partnerships, press, careers, and more.",
        "linkText": "Get in touch",
        "image": "/blog/blog_5.jpeg"
    },
    {
        "slug": "the_timeless_tails_blog",
        "title": "The Timeless Tails (TLT) Blog",
        "description":
            "Stories, insights, and best practices for AI-powered marketing.",
        "linkText": "Explore the Blog",
        "image": "/blog/blog_6.jpeg"
    }
]